{
  "random": {
    "mean": {
      "economic_value": 187637.33333333334,
      "diversity_entropy": 0.7999094687863763,
      "constraint_violations": 0.0,
      "environmental_impact": 1.8763733333333334,
      "social_equity_gini": 0.05979035739602501,
      "execution_time": 6.802876790364583e-05
    },
    "std": {
      "economic_value": 241.49718194813144,
      "diversity_entropy": 0.03695412566606873,
      "constraint_violations": 0.0,
      "environmental_impact": 0.0024149718194813757,
      "social_equity_gini": 0.0012026056666992488,
      "execution_time": 4.8023181134520724e-05
    },
    "action_distribution": {
      "decrease": 33,
      "maintain": 62,
      "increase": 5
    },
    "all_runs": [
      {
        "economic_value": 187798.0,
        "diversity_entropy": 0.812027476354491,
        "constraint_violations": 0,
        "environmental_impact": 1.87798,
        "social_equity_gini": 0.05890041427491255,
        "action_distribution": {
          "decrease": 33,
          "maintain": 62,
          "increase": 5
        },
        "execution_time": 0.00013589859008789062
      },
      {
        "economic_value": 187818.0,
        "diversity_entropy": 0.8378763270046662,
        "constraint_violations": 0,
        "environmental_impact": 1.8781800000000002,
        "social_equity_gini": 0.05898018294306162,
        "action_distribution": {
          "decrease": 38,
          "maintain": 57,
          "increase": 5
        },
        "execution_time": 3.62396240234375e-05
      },
      {
        "economic_value": 187296.0,
        "diversity_entropy": 0.7498246029999714,
        "constraint_violations": 0,
        "environmental_impact": 1.87296,
        "social_equity_gini": 0.06149047497010085,
        "action_distribution": {
          "decrease": 32,
          "maintain": 65,
          "increase": 3
        },
        "execution_time": 3.1948089599609375e-05
      }
    ]
  },
  "rule_based": {
    "mean": {
      "economic_value": 185910.0,
      "diversity_entropy": 0.3861694035969376,
      "constraint_violations": 0,
      "environmental_impact": 1.8591,
      "social_equity_gini": 0.06610521219945165,
      "action_distribution": {
        "decrease": 90,
        "maintain": 3,
        "increase": 7
      },
      "execution_time": 0.0002028942108154297
    },
    "action_details": {
      "decrease_count": 90,
      "maintain_count": 3,
      "increase_count": 7,
      "constraint_violations": 0,
      "avg_utilization": 2.250648874675562,
      "underdeveloped_count": 7,
      "overdeveloped_count": 90
    }
  },
  "greedy": {
    "mean": {
      "economic_value": 187112.0,
      "diversity_entropy": 0.44842818319169275,
      "constraint_violations": 0,
      "environmental_impact": 1.8711200000000003,
      "social_equity_gini": 0.06319380905553906,
      "action_distribution": {
        "decrease": 7,
        "maintain": 88,
        "increase": 5
      },
      "execution_time": 0.00034928321838378906
    },
    "action_details": {
      "decrease_count": 7,
      "maintain_count": 88,
      "increase_count": 5,
      "constraint_violations": 0,
      "economic_value_initial": 450130.0,
      "economic_value_final": 187112.0,
      "economic_improvement": -0.5843156421465259
    }
  },
  "pimaluos": {
    "mean": {
      "economic_value": 190772.0,
      "diversity_entropy": -0.0,
      "constraint_violations": 0,
      "environmental_impact": 1.9077199999999999,
      "social_equity_gini": 0.045564548256557424,
      "action_distribution": {
        "decrease": 0,
        "maintain": 0,
        "increase": 100
      },
      "execution_time": 11.390539646148682
    },
    "training_losses": {
      "pretrain_final_loss": 2.234640923183106e+20,
      "physics_final_loss": 0.325119286775589,
      "num_pretrain_epochs": 10,
      "num_physics_epochs": 5
    }
  }
}