{
  "all_edges": {
    "edge_types": [
      "spatial_adjacency",
      "visual_connectivity",
      "functional_similarity",
      "infrastructure",
      "regulatory_coupling"
    ],
    "num_edge_types": 5,
    "num_edges": 2121,
    "final_pretrain_loss": 2.234640923183106e+20,
    "final_physics_loss": 0.34581777453422546,
    "embedding_variance": 0.007813109084963799,
    "embedding_mean_norm": 0.8732888102531433,
    "total_time": 7.237763166427612
  },
  "no_functional": {
    "edge_types": [
      "spatial_adjacency",
      "visual_connectivity",
      "infrastructure",
      "regulatory_coupling"
    ],
    "num_edge_types": 4,
    "num_edges": 1380,
    "final_pretrain_loss": 2.234640923183106e+20,
    "final_physics_loss": 0.3465746343135834,
    "embedding_variance": 0.007813110016286373,
    "embedding_mean_norm": 0.9128543734550476,
    "total_time": 7.253868103027344
  },
  "no_regulatory": {
    "edge_types": [
      "spatial_adjacency",
      "visual_connectivity",
      "functional_similarity",
      "infrastructure"
    ],
    "num_edge_types": 4,
    "num_edges": 1219,
    "final_pretrain_loss": 2.234640923183106e+20,
    "final_physics_loss": 0.34584829211235046,
    "embedding_variance": 0.007813110016286373,
    "embedding_mean_norm": 0.9117767214775085,
    "total_time": 7.3364949226379395
  },
  "spatial_only": {
    "edge_types": [
      "spatial_adjacency",
      "visual_connectivity"
    ],
    "num_edge_types": 2,
    "num_edges": 20,
    "final_pretrain_loss": 2.234640923183106e+20,
    "final_physics_loss": 0.3445154130458832,
    "embedding_variance": 0.007813110947608948,
    "embedding_mean_norm": 0.8890286684036255,
    "total_time": 7.270413160324097
  },
  "functional_only": {
    "edge_types": [
      "functional_similarity"
    ],
    "num_edge_types": 1,
    "num_edges": 741,
    "final_pretrain_loss": 2.234640923183106e+20,
    "final_physics_loss": 0.3518170416355133,
    "embedding_variance": 0.007813109084963799,
    "embedding_mean_norm": 0.9293718934059143,
    "total_time": 7.062016010284424
  },
  "regulatory_only": {
    "edge_types": [
      "regulatory_coupling"
    ],
    "num_edge_types": 1,
    "num_edges": 902,
    "final_pretrain_loss": 2.234640923183106e+20,
    "final_physics_loss": 0.35097458958625793,
    "embedding_variance": 0.007813110016286373,
    "embedding_mean_norm": 0.9162564277648926,
    "total_time": 7.1340978145599365
  }
}