{
  "lambda_0.0": {
    "physics_weight": 0.0,
    "final_pretrain_loss": 2.234640923183106e+20,
    "final_physics_loss": 0.22435885667800903,
    "pretrain_losses": [
      2.234640923183106e+20,
      2.234640923183106e+20,
      2.234640923183106e+20
    ],
    "physics_losses": [
      0.2550409734249115,
      0.23967790603637695,
      0.22435885667800903
    ],
    "total_time": 7.145829200744629
  },
  "lambda_0.3": {
    "physics_weight": 0.3,
    "final_pretrain_loss": 2.234640923183106e+20,
    "final_physics_loss": 0.34292465448379517,
    "pretrain_losses": [
      2.234640923183106e+20,
      2.234640923183106e+20,
      2.234640923183106e+20
    ],
    "physics_losses": [
      0.3708397448062897,
      0.35683581233024597,
      0.34292465448379517
    ],
    "total_time": 7.295156002044678
  },
  "lambda_0.7": {
    "physics_weight": 0.7,
    "final_pretrain_loss": 2.234640923183106e+20,
    "final_physics_loss": 0.5010120868682861,
    "pretrain_losses": [
      2.234640923183106e+20,
      2.234640923183106e+20,
      2.234640923183106e+20
    ],
    "physics_losses": [
      0.5252380967140198,
      0.5130460858345032,
      0.5010120868682861
    ],
    "total_time": 7.326196193695068
  }
}