{
  "lambda_0.0": {
    "physics_weight": 0.0,
    "final_pretrain_loss": 0.5404033660888672,
    "final_physics_loss": 0.198811337351799,
    "pretrain_losses": [
      0.5438680052757263,
      0.5426390171051025,
      0.5416610836982727,
      0.5411105155944824,
      0.5404033660888672
    ],
    "physics_losses": [
      0.25421229004859924,
      0.23726481199264526,
      0.22256042063236237,
      0.20972183346748352,
      0.198811337351799
    ],
    "total_time": 6.981181859970093
  },
  "lambda_0.1": {
    "physics_weight": 0.1,
    "final_pretrain_loss": 0.5404033660888672,
    "final_physics_loss": 0.23915761709213257,
    "pretrain_losses": [
      0.5438680052757263,
      0.5426390171051025,
      0.5416610836982727,
      0.5411105155944824,
      0.5404033660888672
    ],
    "physics_losses": [
      0.29283592104911804,
      0.27638986706733704,
      0.26213765144348145,
      0.2497081458568573,
      0.23915761709213257
    ],
    "total_time": 6.985772132873535
  },
  "lambda_0.3": {
    "physics_weight": 0.3,
    "final_pretrain_loss": 0.5404033660888672,
    "final_physics_loss": 0.31985020637512207,
    "pretrain_losses": [
      0.5438680052757263,
      0.5426390171051025,
      0.5416610836982727,
      0.5411105155944824,
      0.5404033660888672
    ],
    "physics_losses": [
      0.37008315324783325,
      0.3546398878097534,
      0.3412920832633972,
      0.3296807110309601,
      0.31985020637512207
    ],
    "total_time": 6.978173732757568
  },
  "lambda_0.5": {
    "physics_weight": 0.5,
    "final_pretrain_loss": 0.5404033660888672,
    "final_physics_loss": 0.4005427360534668,
    "pretrain_losses": [
      0.5438680052757263,
      0.5426390171051025,
      0.5416610836982727,
      0.5411105155944824,
      0.5404033660888672
    ],
    "physics_losses": [
      0.44733041524887085,
      0.4328899681568146,
      0.420446515083313,
      0.40965330600738525,
      0.4005427360534668
    ],
    "total_time": 6.904848098754883
  },
  "lambda_0.7": {
    "physics_weight": 0.7,
    "final_pretrain_loss": 0.5404033660888672,
    "final_physics_loss": 0.48123687505722046,
    "pretrain_losses": [
      0.5438680052757263,
      0.5426390171051025,
      0.5416610836982727,
      0.5411105155944824,
      0.5404033660888672
    ],
    "physics_losses": [
      0.5245776176452637,
      0.5111407041549683,
      0.4996018409729004,
      0.48962724208831787,
      0.48123687505722046
    ],
    "total_time": 6.916465759277344
  },
  "lambda_1.0": {
    "physics_weight": 1.0,
    "final_pretrain_loss": 0.5404033660888672,
    "final_physics_loss": 0.602275550365448,
    "pretrain_losses": [
      0.5438680052757263,
      0.5426390171051025,
      0.5416610836982727,
      0.5411105155944824,
      0.5404033660888672
    ],
    "physics_losses": [
      0.6404485106468201,
      0.6285158395767212,
      0.6183335185050964,
      0.6095861196517944,
      0.602275550365448
    ],
    "total_time": 6.928846120834351
  }
}