{
  "resident": [
    0.8604393005371094,
    0.8521894812583923,
    0.8599643707275391,
    0.8492158055305481,
    0.8816229104995728,
    0.885323703289032,
    0.8511537909507751,
    0.8863200545310974,
    0.8712048530578613,
    0.8715993762016296,
    0.8687677383422852,
    0.877874493598938,
    0.8490067720413208,
    0.8774286508560181,
    0.8808597922325134,
    0.8559533953666687,
    0.8887857794761658,
    0.8760281801223755,
    0.8718342185020447,
    0.8562595844268799,
    0.869070291519165,
    0.8634489178657532,
    0.8733019828796387,
    0.8750061988830566,
    0.8933858871459961,
    0.8674548864364624,
    0.8861033320426941,
    0.8777344822883606,
    0.8638113737106323,
    0.8824665546417236,
    0.8572089076042175,
    0.8596529960632324,
    0.8797253966331482,
    0.862493634223938,
    0.865586519241333,
    0.8586114645004272,
    0.8514899015426636,
    0.8519450426101685,
    0.8588303327560425,
    0.8593637943267822
  ],
  "developer": [
    0.44081270694732666,
    0.42990535497665405,
    0.4235885441303253,
    0.40518051385879517,
    0.4273023307323456,
    0.41371434926986694,
    0.40808185935020447,
    0.41183024644851685,
    0.4020545184612274,
    0.40586596727371216,
    0.3994518220424652,
    0.39400383830070496,
    0.3833293318748474,
    0.38575658202171326,
    0.3916008174419403,
    0.38650667667388916,
    0.388692706823349,
    0.37727221846580505,
    0.38338005542755127,
    0.3827632665634155,
    0.3843134641647339,
    0.3754095435142517,
    0.3794780671596527,
    0.3728657364845276,
    0.3793409764766693,
    0.3729958236217499,
    0.38845086097717285,
    0.3845485746860504,
    0.3791688084602356,
    0.39039990305900574,
    0.3869365155696869,
    0.3858081102371216,
    0.39467984437942505,
    0.39612191915512085,
    0.4142717719078064,
    0.4196048080921173,
    0.4194643497467041,
    0.4310632646083832,
    0.4379320442676544,
    0.4448108375072479
  ],
  "planner": [
    1.2957254648208618,
    1.265878438949585,
    1.2548091411590576,
    1.2416861057281494,
    1.2435483932495117,
    1.2428796291351318,
    1.2357993125915527,
    1.2332468032836914,
    1.2179564237594604,
    1.2094831466674805,
    1.2130831480026245,
    1.1977522373199463,
    1.1821218729019165,
    1.1830053329467773,
    1.1683309078216553,
    1.1610500812530518,
    1.1682766675949097,
    1.1665489673614502,
    1.1660717725753784,
    1.1654891967773438,
    1.1649599075317383,
    1.1574413776397705,
    1.143383502960205,
    1.147578477859497,
    1.1513887643814087,
    1.1491502523422241,
    1.1554023027420044,
    1.1624659299850464,
    1.1665879487991333,
    1.1594034433364868,
    1.171362280845642,
    1.1938800811767578,
    1.2034164667129517,
    1.2121888399124146,
    1.2223783731460571,
    1.2482736110687256,
    1.2631028890609741,
    1.2805588245391846,
    1.294507622718811,
    1.3072808980941772
  ],
  "environmentalist": [
    0.49043530225753784,
    0.4776555597782135,
    0.49122384190559387,
    0.4902714788913727,
    0.5004315376281738,
    0.5070222616195679,
    0.48782363533973694,
    0.5154923796653748,
    0.5121080279350281,
    0.5063493847846985,
    0.5002516508102417,
    0.509136974811554,
    0.5051425099372864,
    0.49029842019081116,
    0.519270658493042,
    0.49838435649871826,
    0.5063113570213318,
    0.5122964382171631,
    0.49396491050720215,
    0.4891936182975769,
    0.49415430426597595,
    0.5006415843963623,
    0.503906786441803,
    0.5073952674865723,
    0.5156592130661011,
    0.505441427230835,
    0.5014206171035767,
    0.4891307055950165,
    0.5012580752372742,
    0.5203292369842529,
    0.49286577105522156,
    0.4926946759223938,
    0.503909170627594,
    0.5079414248466492,
    0.49065959453582764,
    0.4922356903553009,
    0.49202507734298706,
    0.4880998432636261,
    0.49109089374542236,
    0.4954912066459656
  ],
  "equity_advocate": [
    0.5507217645645142,
    0.5481797456741333,
    0.5510343909263611,
    0.5571810603141785,
    0.549358069896698,
    0.5565257668495178,
    0.5556902885437012,
    0.5527629256248474,
    0.5506501197814941,
    0.5504759550094604,
    0.5537465214729309,
    0.5534822344779968,
    0.5536721348762512,
    0.5600121021270752,
    0.5464509725570679,
    0.5454534292221069,
    0.5550629496574402,
    0.5560375452041626,
    0.5546826720237732,
    0.553687572479248,
    0.5553969740867615,
    0.5559628009796143,
    0.5504235625267029,
    0.554781436920166,
    0.5568395853042603,
    0.5530602335929871,
    0.5526787638664246,
    0.5595484972000122,
    0.5557215809822083,
    0.544638991355896,
    0.5507030487060547,
    0.5629333257675171,
    0.5593472719192505,
    0.552241861820221,
    0.5482451319694519,
    0.551365077495575,
    0.5533130168914795,
    0.5516322255134583,
    0.5514127612113953,
    0.5510140657424927
  ]
}